Assignment – 9


Querying Multiple Tables at Once.

SQL> select * from orders;

      ONUM        AMT ODATE           CNUM       SNUM
---------- ---------- --------- ---------- ----------
      3001      18.69 03-OCT-90       2008       1007
      3003     767.19 03-OCT-90       2001       1001
      3002     1900.1 03-OCT-90       2007       1004
      3005    5160.45 03-OCT-90       2003       1002
      3006    1098.16 03-OCT-90       2008       1007
      3009    1713.23 04-OCT-90       2002       1003
      3007      75.75 04-OCT-90       2004       1002
      3008       4723 05-OCT-90       2006       1001
      3010    1309.95 06-OCT-90       2004       1002
      3011    9891.88 06-OCT-90       2006       1001

10 rows selected.

SQL> select * from customers;

      CNUM CNAME      CITY           RATING       SNUM
---------- ---------- ---------- ---------- ----------
      2001 Hoffman    London            100       1001
      2002 Giovanni   Rome              200       1003
      2003 Liu        San Jose          200       1002
      2004 Grass      Berlin            300       1002
      2006 Clemens    London            100       1001
      2008 Cisneros   San Jose          300       1007
      2007 Pereira    Rome              100       1004

7 rows selected.

SQL> select * from salespeople;

      SNUM SNAME      CITY             COMM
---------- ---------- ---------- ----------
      1001 Peel       London            .12
      1002 Serres     San Jose          .13
      1004 Motika     London            .11
      1007 Rifkin     Barcelona         .15
      1003 Axelrod    New York           .1
	  
	  
	  
	  
	  





1) Write a query that lists each order number followed by the name of the customer who made the order.

			SQL> select onum,cname from orders,customers
			  2  where customers.cnum=orders.cnum;

				  ONUM CNAME
			---------- ----------
				  3001 Cisneros
				  3003 Hoffman
				  3002 Pereira
				  3005 Liu
				  3006 Cisneros
				  3009 Giovanni
				  3007 Grass
				  3008 Clemens
				  3010 Grass
				  3011 Clemens

			10 rows selected.


2) Write a query that gives the names of both the salesperson and the customer for each order along with the order number.

			SQL> select sname,cname,onum from orders,customers,salespeople
			  2  where orders.snum=customers.snum
			  3  and orders.snum=salespeople.snum;

			SNAME      CNAME            ONUM
			---------- ---------- ----------
			Peel       Hoffman          3011
			Peel       Hoffman          3008
			Peel       Hoffman          3003
			Axelrod    Giovanni         3009
			Serres     Liu              3010
			Serres     Liu              3007
			Serres     Liu              3005
			Serres     Grass            3010
			Serres     Grass            3007
			Serres     Grass            3005
			Peel       Clemens          3011

			SNAME      CNAME            ONUM
			---------- ---------- ----------
			Peel       Clemens          3008
			Peel       Clemens          3003
			Rifkin     Cisneros         3006
			Rifkin     Cisneros         3001
			Motika     Pereira          3002



3) Write a query that produces all customers serviced by salespeople with a commission above 12%. Output the customer’s name, the salesperson’s name, and the salesperson’s rate of commission.

			SQL> select cname,sname,comm*100 "RATE OF COMM."
			  2  from customers,salespeople
			  3  where customers.snum=salespeople.snum
			  4  and comm>0.12;

			CNAME      SNAME      RATE OF COMM.
			---------- ---------- -------------
			Liu        Serres                13
			Grass      Serres                13
			Cisneros   Rifkin                15


4) Write a query that calculates the amount of the salesperson’s commission on each order by a customer with a rating above 100.

			SQL> select rating,amt*comm as "COMM AMT" from orders,customers,salespeople
			  2  where orders.snum=salespeople.snum
			  3  and customers.snum=salespeople.snum
			  4  and rating>100;

				RATING   COMM AMT
			---------- ----------
				   300     2.8035
				   200   670.8585
				   300   670.8585
				   300    164.724
				   200    171.323
				   200     9.8475
				   300     9.8475
				   200   170.2935
				   300   170.2935

			9 rows selected.

			SQL> select rating,amt,comm as "COMM AMT" from orders,customers,salespeople
			  2  where orders.snum=salespeople.snum
			  3  and customers.snum=salespeople.snum
			  4  and rating>100;

				RATING        AMT   COMM AMT
			---------- ---------- ----------
				   300      18.69        .15
				   200    5160.45        .13
				   300    5160.45        .13
				   300    1098.16        .15
				   200    1713.23         .1
				   200      75.75        .13
				   300      75.75        .13
				   200    1309.95        .13
				   300    1309.95        .13

			9 rows selected.