Assignment –6
Using Special Operators in Conditions.


1) Write two different queries that would produce all orders taken on October 3rd or 4th, 1990.
{do also using IN ans BETWEEN operator}
SQL> select * from orders
  2  where (odate= '03-oct-1990' or odate= '04-oct-1990');

      ONUM        AMT ODATE           CNUM       SNUM
---------- ---------- --------- ---------- ----------
      3001      18.69 03-OCT-90       2008       1007
      3003     767.19 03-OCT-90       2001       1001
      3002     1900.1 03-OCT-90       2007       1004
      3005    5160.45 03-OCT-90       2003       1002
      3006    1098.16 03-OCT-90       2008       1007
      3009    1713.23 04-OCT-90       2002       1003
      3007      75.75 04-OCT-90       2004       1002

7 rows selected.

2) Write a query that selects all of the customers serviced by Peel or Motika.
(Hint: the snum field relates the two tables to one another).

SQL> select * from customers
  2   where snum in(select snum from salespeople where sname in ('Peel','Motika'));

      CNUM CNAME      CITY           RATING       SNUM
---------- ---------- ---------- ---------- ----------
      2006 Clemens    London            100       1001
      2001 Hoffman    London            100       1001
      2007 Pereira    Rome              100       1004




3) Write a query that will produce all the customers whose names begin with a letter from ‘A’ to ‘G’.

SQL> select * from customers
  2  where substr(cname,1,1) between 'A' and 'G'
  3  order by cname;

      CNUM CNAME      CITY           RATING       SNUM
---------- ---------- ---------- ---------- ----------
      2008 Cisneros   San Jose          300       1007
      2006 Clemens    London            100       1001
      2002 Giovanni   Rome              200       1003
      2004 Grass      Berlin            300       1002


4) Write a query that selects all customers whose names begin with the letter ‘C’.

SQL> select * from customers
  2  where substr(cname,1,1)='C';

      CNUM CNAME      CITY           RATING       SNUM
---------- ---------- ---------- ---------- ----------
      2006 Clemens    London            100       1001
      2008 Cisneros   San Jose          300       1007
	  

SQL> select * from customers
  2  where cname like 'C%';

      CNUM CNAME      CITY           RATING       SNUM
---------- ---------- ---------- ---------- ----------
      2006 Clemens    London            100       1001
      2008 Cisneros   San Jose          300       1007


5) Write a query that selects all orders except those with zeroes or NULLs in the amt field.

SQL> select * from orders
  2  where amt != 0;

      ONUM        AMT ODATE           CNUM       SNUM
---------- ---------- --------- ---------- ----------
      3001      18.69 03-OCT-90       2008       1007
      3003     767.19 03-OCT-90       2001       1001
      3002     1900.1 03-OCT-90       2007       1004
      3005    5160.45 03-OCT-90       2003       1002
      3006    1098.16 03-OCT-90       2008       1007
      3009    1713.23 04-OCT-90       2002       1003
      3007      75.75 04-OCT-90       2004       1002
      3008       4723 05-OCT-90       2006       1001
      3010    1309.95 06-OCT-90       2004       1002
      3011    9891.88 06-OCT-90       2006       1001

10 rows selected.

SQL> select * from orders
  2  where amt is NOT null;

      ONUM        AMT ODATE           CNUM       SNUM
---------- ---------- --------- ---------- ----------
      3001      18.69 03-OCT-90       2008       1007
      3003     767.19 03-OCT-90       2001       1001
      3002     1900.1 03-OCT-90       2007       1004
      3005    5160.45 03-OCT-90       2003       1002
      3006    1098.16 03-OCT-90       2008       1007
      3009    1713.23 04-OCT-90       2002       1003
      3007      75.75 04-OCT-90       2004       1002
      3008       4723 05-OCT-90       2006       1001
      3010    1309.95 06-OCT-90       2004       1002
      3011    9891.88 06-OCT-90       2006       1001

10 rows selected.


SQL> select * from orders
  2  where NOT amt= 0;

      ONUM        AMT ODATE           CNUM       SNUM
---------- ---------- --------- ---------- ----------
      3001      18.69 03-OCT-90       2008       1007
      3003     767.19 03-OCT-90       2001       1001
      3002     1900.1 03-OCT-90       2007       1004
      3005    5160.45 03-OCT-90       2003       1002
      3006    1098.16 03-OCT-90       2008       1007
      3009    1713.23 04-OCT-90       2002       1003
      3007      75.75 04-OCT-90       2004       1002
      3008       4723 05-OCT-90       2006       1001
      3010    1309.95 06-OCT-90       2004       1002
      3011    9891.88 06-OCT-90       2006       1001

10 rows selected.